{
    "name" : "micro_ros_platformio",
    "version" : "0.0.1",
    "authors": [
        {
            "name": "Pablo Garrido",
            "email": "pablogarrido@eprosima.com",
            "maintainer": true
        },
        {
            "name": "Antonio Cuadros",
            "email": "antoniocuadros@eprosima.com",
            "maintainer": true
        }
    ],

    "description" : "micro-ROS Platform.IO library",
    "homepage" : "https://micro.ros.org",
    "repository": {
        "type": "git",
        "url": "https://github.com/micro-ROS/micro_ros_platformio.git"
    },

    "build": {
        "extraScript": "./extra_script.py"
    },

    "frameworks": "arduino",
    "platforms": "teensy, https://github.com/platformio/platform-espressif32.git#feature/arduino-upstream, atmelsam, raspberrypi, ststm32"
}